{
    "accuracy": 0.9587431330643156,
    "f1_entity": 0.6968485565751766,
    "loss": 0.2385345995426178
}