{
    "accuracy": 0.9520439487559609,
    "f1_entity": 0.6915479776559152,
    "loss": 0.40133678913116455
}