{
    "accuracy": 0.9585321703356393,
    "f1_entity": 0.6946471209858707,
    "loss": 0.24642039835453033
}