{
    "accuracy": 0.9591008798256434,
    "f1_entity": 0.6995806358914929,
    "loss": 0.21104075014591217
}