{
    "accuracy": 0.9580157768170612,
    "f1_entity": 0.6985309169718172,
    "loss": 0.22652815282344818
}