{
    "accuracy": 0.9581309845650386,
    "f1_entity": 0.6972116036898701,
    "loss": 0.24480201303958893
}