{
    "accuracy": 0.9593540748569516,
    "f1_entity": 0.6999447964870391,
    "loss": 0.20189040899276733
}