{
    "accuracy": 0.9544904455924431,
    "loss": 0.30759963393211365
}