{
    "accuracy": 0.9573321933836015,
    "loss": 0.22649897634983063
}