{
    "accuracy": 0.9551508238330028,
    "loss": 0.16680647432804108
}