{
    "accuracy": 0.9587357702931072,
    "loss": 0.22769175469875336
}