{
    "accuracy": 0.9571326682565167,
    "loss": 0.35376498103141785
}