{
    "accuracy": 0.9550156630507468,
    "loss": 0.16909800469875336
}