{
    "accuracy": 0.960003210050683,
    "loss": 0.25212186574935913
}